{"version":2,"openings":[],"referenceOriginTransform":[0.1480608,0,0.98897827,0,0,1,0,0,-0.98897827,0,0.14806078,0,-0.035985827,0.008091308,0.0015005983,1],"sections":[{"story":0,"center":[0.6779179,0.07852701,-2.15285],"label":"unidentified"}],"objects":[],"windows":[],"doors":[{"identifier":"FBA71488-513F-43A6-9638-BCA6416828CB","completedEdges":[],"dimensions":[1.0341605,2.1560235,0],"confidence":{"medium":{}},"parentIdentifier":"DF21BB2C-81BD-4A1F-9155-5A23D956001F","transform":[0.9985834,0,0.053208556,0,0,0.99999994,0,0,-0.053208556,0,0.99858344,0,-0.08717859,-0.10361307,-2.4789104,1],"category":{"door":{"isOpen":false}},"polygonCorners":[],"story":0,"curve":null}],"walls":[{"identifier":"9A68FBCE-EDDC-445A-B87B-B32BB3C30351","completedEdges":[],"dimensions":[0.7317214,2.52,0],"confidence":{"high":{}},"parentIdentifier":null,"transform":[0.687486,0,0.7261977,0,0,0.99999994,0,0,-0.7261977,0,0.68748593,0,2.1336722,0.0783752,-2.1082897,1],"category":{"wall":{}},"polygonCorners":[],"story":0,"curve":null},{"identifier":"DF21BB2C-81BD-4A1F-9155-5A23D956001F","completedEdges":[],"dimensions":[2.6936278,2.52,0],"confidence":{"high":{}},"parentIdentifier":null,"transform":[0.9985833,0,0.053208515,0,0,0.99999994,0,0,-0.0532085,0,0.9985835,0,0.53724194,0.0783752,-2.445639,1],"category":{"wall":{}},"polygonCorners":[],"story":0,"curve":null}],"story":0,"floors":[{"identifier":"D54F10B2-49D4-4342-9511-6018C75FC12B","completedEdges":[],"dimensions":[1.7254058,3.8390274,0],"confidence":{"high":{}},"parentIdentifier":null,"transform":[-0.053208217,0,0.99858356,0,0.9985835,0,0.053208247,0,0,1,0,0,1.0632273,-1.1816248,-1.553686,1],"category":{"floor":{}},"polygonCorners":[[-0.35884678,1.3047234,0],[-0.35884774,-1.9195133,0],[-0.86270285,-1.9195132,0],[-0.86270213,0.77411425,0]],"story":0,"curve":null}],"coreModel":"R1Zdeak4rPrd5WANxGFX1csc0F2k5Yzqkq3ZAZlhsYLlHHXxfwDrX3G5qhDCN6gp4y1XREafqYCbXN3kOv02E6Bj9f7Fil7VjRCdP0oTr3l3iKBDev+jOJ5tIhpMGXjHzdywXZpJ+nQxDTYtWN7CqhC9irPAm1F1MHTFUaaGRU0nqorkd90Wry+wQNdl4HgaQx7KNNo0QpdM74y2YkuHg1+ZZB2osJDEMg75S36Dee0115fliSFaSzn3h3XftOo\/vDGix6fN6kT6H0pAypjPx0kWyvI8MxIHj5mZt8phOjpt1a1JM8ckE3XtRJyhp+Oj2pIhqB6zqaJErOfkKsUnC9hx8P7krSGG4mLCawB9ioIK0wf3aOUHgV6gu4kOSh\/Cj9LQ8idfcKN3E0bt737oeqVZ5Gyh0WjbM9srlDnWUj4dVVlqssjaTewrbpLSa7\/SQx962\/zALWJBSmj\/dMdn91eONw8jgzi9\/Ix73e0NL1FAp842HoB21TECZkEndECECHGEXXtKto1+p\/REdyOAVNXedqAh7iOXrUMwecIQpqnWISM6qo6MKR8Rdz8K6qjB9EXqwvvtE5d5JNXfGg1\/kR1Atwj54YP2LWDbH5rlFyfK0FvSr5oFajVQkwxblrgqnPOLzcmPXHA0Se+R30TFG03rlBz3vSVOQuK4\/KEs9WXbDAq2cxqrrivImKEMqEM6vQoeNLkm9oqi\/wrmmowOjJVVTi3dbYRj4NDWYB1LjZ6AoVt83I03zy1KA7akGkmMLCULphhKeaaHhPtH3kSXR6tliyHcLpzc4YLQ2rJzqlrtPJy0cmZ4so8hYBBmuQ41YQ+P\/aA+WaTI8de203Xr035UTLT7FI\/Kw9EsAjtJOTBPfFrJYn7oSzpZTRRcKLLemthjRW+\/vH1cWrayaOjeyMMFXYVMf9pSfa\/zB2941YrkdeUrmONSoBpMc59V7LiPtaj5kiLKynbGfIQiJvHQt0M70FnG+V63dRIKT3MrFhox1lqaNp97ValPjbbTLs7u6Yhd72jaHSA9cDIc6U\/xpORZfEzjOer0uvYkiTWTtsyxy8mblmv1lOhaGA5gBgFCz7+15nmMR3lfRj8vF1j6EieDbwydJC5mGxOjwX6a6ky875P4X\/FWYqUFJw99teUO\/8VRFDjomWOwPps8\/AS2KZoGv8jGqikRn8pqy9V0FEfDwjVAKxcHrMFwohfFtc6KFhLDSWoA16\/p39rFwzQqdqyDK6JQ0UO3MVmEENq3SRsiJc5mk6FkVq\/SOChN23o2LLXy9MmkLxfwyIYyVu2mQYJHi\/SzOW0QtRfyKXG\/9rZa13c9\/N\/trTOCbubsOKetXd15FeL\/EDRtJKJB57wIFwGfIgC+jGbhYsqRSTnSVVD\/xLvpmHexHSdUW9B9lPVX\/6i3ZoILyHYY8rjgTdBXXpIJENlYHd00jjJH8c9arwkAzL3T4lj6kA39WNDuIUrxUnVvJlWX3JiWbD2MXF7ZaoQ3QR5fyVfaM3\/jbQjHZ3cwsxQriugzpMzeqrTUjWCfmmePER7NL0gYXu3NBF5qWxGmBKWnd+FeUGOVfBjnXwYN52psNDkd2ZDWe3m048bm7R6FsTffEHv6nYs3l02L8EICYQBP1d55C8OzI7kl\/8ebnZ\/xdqv8YLQoGAQEIKEuDSZbXNqUXxykVNE9PiWpFxBPFunvf732U0mxuCxwrIUP3mU4jMEuV2aeSilDx4xAUha0K8E4zYmjeuhR36oyecfXK5PiaibD4NdZ9HNiyvKiaY6M6hUcsWcLcxgn6to7sJzGfRx9yBN3xGvCDFRZ+sNx3LXNTMgTnYlzTrn4nu4J7FD1N+9nW3aSvVqBqgzifu0rMTeA7ASCBNRut\/VeSYDcxzk4lTGQNCBjc6R5UMNqmKK4DuirXkI\/l+3jjhfis\/pQZkDSAThBEfyUzssN4bRPMG9aekSeunujF1\/JEfZLnHyRUDhNIUDE0p51PqSC5joKoJUvFsY3ZRFBEq+yk+aa+zC0EMVKZWI\/MlJ9stRzoZB55Ubw\/RfeONc4uWmwB+S79Ww7Zh5HANLADq8a4gbhM7oNsGdHs4+0Edua\/9XBgBf8ju1zYmbC6eD8vQ\/zUWww3halKDaq46z+peHC8PVAVWB4WY6PsiKIcWAlo00asa8tvcGIOTot8k+vLv4uFmqDRuAXqeoRyxtYHsn8ZM8Ju0aKiu4ts2FWgKx+UNEtdjwixoI8gFo61zAqCJS1+my5a6ns8hq\/ljHmaoqEyXh34qOCJf0+0QqMCCG8b75CkVfyOZ2ZRm8YYZuVamUYLOCfnTx96bKJOwarrLTjWsmAyA6Xq0n+CWVTj8afockuJxHS39jwlpbVxU8hXBuRwVNyKIsU5ANrgBCxtrojLxL8L7YlW6YvpqdXJ70VD+xBuhTggYpaxG\/T10tYG4OKV4NlKuXhwcvwAu0z5Jqqgy\/7f91Hm6F+osv3xLzjjb6wHVicL83G3amZWfzNt5Dr0qio6rWCQ8tdxh916WMKZt+is0HzyQcNd+eJcnscRk\/daqAIRlwnJoYUqYVcsP3cX4QGeltO5ppvOJIb\/Ap97BftCJLNS1j\/JVFw+O9LQBF0MvnNpFG1rdUt6B6dKOYjQoJADAkkBoPdPmhtfR629qILMA6\/2\/5hvCMrV4H9\/dDqFio6XsqhtY1bsQRBQlvHLvxZN0r+Tns3twa1lRe6t8a2C4uj0DTTXpJlT6ANISWyxmFRCuDZBJAwYuOBK7XkWZ1ZaDIUz1f8Iry3hdgpkfsnpX64mqnF2ukbrVnBsJRA\/DvD9PanKEKwewlWgsTy6C9HCwUOWf49HWd99pfNI\/b8e9YggBIgth0FBa+kqe4BJSiaAdZqBPQnJza3Fgg5SD4nWpreoa6OIg78w8rAavXgSrUdNd30x3n0BWBC\/KC1N7WRBTzWRlITswxCRwa+RD6iW4OTy2ZrsXdoY6epFs9ZNbQes8l88rWa0hA20fTx7unpyBSCSV2dxH\/JxfZZUfOQYr818rfMJEh8awwd2dnh9l6dP\/f7FjQuzIdMAudorXpFaD+JDb+uYwDk1jFrahfS8lNyDBbfleLPNwciuptIXOvN\/0Xxf5RdUbw2t9qEBqN80hPyH+YY8xd+CxAKUGoWmobW\/p1vzzaAkfod7DXRCrHs6PYBxb\/7qTwiNOTgnheOKlgdrQgLeG6+ENgOI9up7pn5P5Bj+SrSkQ6ravdzaUM2oCBJ6a60LyzeOfAfUUsyIxc72xYY4P0c6D4mTlyOze4pkBb84DASscjZdXBpbH03NtvUKY4tShWjG+BxWM1d+hlH8TtMIk5XoBDWv9az\/reWMjeiraM7quXEey857d0bQY7jICdZF028XVxuthkW2eAaTCZM4CVRRAaqFGqT1pvsgcCCf2\/mOYlI4q7gFvpId7TYIx8sgpNR+lxuPb8VPms1TFGWz82O17k+RuY4WV8PoTYcY+ok1UoLn2p\/VdLn5uaxGQYdE7nkjRuJo3v7wulbDTASPTg7XXHC4e9KuIhWRXyLFT5WPXz1SlVolMxlub5LOeG1MnWXoqxBBB6IDzO24unJqUcd3D+K3vCSpLHY+POABrtwuepwFl\/rCEWe4wSXgdnGKtgeoAbVQIuzcP7eWWYvx7H0vTOny8sdFv1C8mqJZa04F8ox1N15FTrkNlC2sAv+XSYZAxGhs02OX+sGfhOKHdORIbHi22WcIzDsdXlMGm1+xzyrZGVSAWN+YxSC7RbsQu6R2l94XqoHAmc\/FInlP6DBbWGeiVUdTKSSPu3gIS4OcF81yioGw05PhJo0bri24kzHacllPgDJ0lw+B79mAJLuXGfHtmYK8OCZo9NnNmRuerZqeshQwnYhZJb4cMnYC2MmL48NyP4EJOHS7lR20xpYVeKI37YgvZaFu02G4Wzvk7lJxg+nGAOAllsivBzqHVfWU2e7RavFZurBUAko5pE64bJTeGtZ0gtrSZ4p9iRIYBi5J1lII+5gJQ8h6\/J3FBQ6ZYuLUImGhs3wi3sHPb8hhfBFqGBtOXP76TQv0BH7jlqTrGSACPUhnEKmXCfsDN6WOKX1icgBqCL3uqEO1+5wag13SV4XNbqEL0R\/5EKOM91zgXgCnZDaFkDNg+MayvUGxVgjuLYQXym\/KKSpchmiqBJSSUuZRcLONgUCmIObtQ\/6Equn9ztFlBnxICYgz\/IeIPkUGtvQmzpXpue6T4zO3G14JcvEF66oaVBGsTZOo34UESFmuzzlvc3tea0gwnx2xlBlV6pyMg+q5hf\/BUU23j5854SF+2ZfCda5Pg1C6nKHIe7ju5OcALtHFIINiPB2aSH\/3C286w+iz\/6LNX7BsGL0HEfKcyc9jp3rIcTKtiyci+sSDBfEzQEHnoS\/CjI8hdVOpLub7bv\/xI1Em6zX2Nsqvs0nqZDGPZGTdeVVLVAolRepLF9+hjq+WnXMm0ZthF4Amrb\/aVBZaMaxX31gZvmFdIA8zJbEh9kbC8eY7hh2XVx7e5dMtzpam05lpfOeem+WGGnISV8SMwW+u+3qq01WHY3MhJBkB0BrvFqUfumlCZVf8UfqyqXnM3WMqts+IQ0XTMy1Zx6NLPnRToVfgvcGFQp2YRZuDcvSpX726kQTlwhOhlZ51syfGi5HefzikQpXgQk1qKReURyf4iAFw7WapnrinqS3qDMV6mPgMP6\/R2ZjQXUtEd7aWMQqv3jHMOkIfFktqlPK9viE3cBeLFYqfWD05NWIdYhJ14NU97T+CQpI08TW42WHOYlzm5Q0vG4Fxv97ZqedadQy7jIjAW7M91AXfme0npn80XuMA8d3HvFoqMWOZpgMEoL\/ge0hgP40F2f+oe7zmhDBKVclbwZs5E+6iBmlucDx\/We9NfCw940V3Mu8mfNo7Q7Fn1\/xheRaSbRCQtprCVXClE+t72gHDemgUj8oB9r7FWCnAlbINP34Twg+2ELidEfxForGEDf\/OeOGf66Lmu9LSo2sk9gyRcYJ\/E3e6SeOim0A6glAa+5ZLnas3hFQqCFeSLcvWDxeAfTe2x+PE\/fi2BQBbs5\/eiNyuaRWN7\/nglrd3+r9Z1Nbel\/dOrGg8UHKAUSHjOgzGUir6EEeoY9T4LIu+Y5VrlK+UBGy2kQkA0Qmv8JU0kKULOgvoDVesSvtcK4MoVXsFAk67zDZYPhAo91jgC+xPVMCwk\/N8+toCM5Iio6ESVgnDgRT+Rxw8JY0cUeKIZ27PVTSc+3Z61ZeO9jz+eE\/pEoh\/OVd7QDzbB+CkWsy90MzXwTwaWUGY2LfUJzRM8C8VwCe7020AdOgTfq1DUVWAo3kjB1xZkcjVzJ5MgZKVM+kKArE1XUTq2\/2isWjANX0ZFSuIjI5NmcOsTbutwZ8J03yYe2Omm6Nnvl7qSWcm6tSbJEYvPqKkfHS1XfgAA822Z4hCA7ktBThOCQzaJlnmeU0dbyq\/lvpbSoBODZCPWxCD+qJcWGuZzBm4F1pXZ9g2d6OX7vOeynK874qAX4A1FIVyNCRoQYuWLEXnq+fd4mIQDxdLL+bCwP\/LBHpBtPwFgSF9DIghfnKcB\/OSe4DIkr87+7kudhwUnarcAm0esUGo7kYIaCBfOCDwr8w9JzNb4CnGShvyWjBEdB8Eo9mJxv8jCcDO5zz77Tj04FGwYghd8SpqpbElIoFLAAsNoCap7iC7D5CrBjE3\/2gVUXU9FBd6Lqjjn56wKDBdgaXRyHWyKjH4OsxX7jGkEZfsMczje6FljdUg3tvIWYDo\/\/LUAnvtpTbuA\/RxUKVZAr7gkbg3O2sLjB4\/zZrBLmKnLbEFS3hUtTB12jUwITDECL7dxudpFT8Zt6Vh37Mf3A8Bc1b6irlgfPswD+cY2X2gk\/1ZRUIOsqwfWhysmTdze4lc74fwSVh8AT7ACenqDF88s2IT7CGrVLnRgRHgdUeoD8FJ3G4t+pV4us7ziDdSz8obDAArzSxyMliapXRJcx3iKuS9LyPlJ1HE9FYmI9Fm+bV9GnmTxzwQoYXz9N3aOQYJu9RhQg1IwLz6Q96a9Kb3I0x+0gBYQOqXKelq1D9ixntoP0eszlLiJY