{"floors":[{"category":{"floor":{}},"dimensions":[2.8981104,0.7309919,0],"curve":null,"parentIdentifier":null,"story":0,"confidence":{"high":{}},"identifier":"549D2E83-F3F1-4136-BD14-5C6ADC5C1403","polygonCorners":[[1.449055,-0.36549568,1.1920929e-07],[-1.4490557,-0.36549592,1.1920929e-07],[-1.4490557,0.3654958,1.1920929e-07],[1.2626858,0.36549604,1.1920929e-07],[1.4490552,-0.015514016,1.1920929e-07]],"transform":[0.9346658,0,0.35552746,0,0.35552752,0,-0.9346659,0,0,1,0,0,1.3159828,-1.0962632,-1.5733663,1],"completedEdges":[]}],"openings":[],"story":0,"objects":[],"referenceOriginTransform":[-0.04851419,0,0.9988225,0,0,1,0,0,-0.9988225,0,-0.04851421,0,-0.034651656,0.006875017,-0.012766032,1],"walls":[{"category":{"wall":{}},"dimensions":[2.711741,2.52,0],"curve":null,"parentIdentifier":null,"story":0,"confidence":{"high":{}},"identifier":"FAB868A7-B77A-454E-8936-BF89166E9583","polygonCorners":[],"transform":[0.934666,0,0.3555274,0,0,0.99999994,0,0,-0.35552734,0,0.93466586,0,1.3588299,0.16373675,-1.9481126,1],"completedEdges":[]},{"category":{"wall":{}},"dimensions":[0.73099166,2.52,0],"curve":null,"parentIdentifier":null,"story":0,"confidence":{"high":{}},"identifier":"8D2A1D32-59DD-4E96-B616-CD4F2B81DB23","polygonCorners":[],"transform":[0.35552737,0,-0.93466586,0,0,0.99999994,0,0,0.93466586,0,0.35552737,0,-0.0383998,0.16373675,-2.0885453,1],"completedEdges":[]},{"category":{"wall":{}},"dimensions":[0.42414886,2.52,0],"curve":null,"parentIdentifier":null,"story":0,"confidence":{"high":{}},"identifier":"6E4FD46A-3118-4D49-B643-E3AF51931B9D","polygonCorners":[],"transform":[0.09132091,0,0.9958215,0,0,0.99999994,0,0,-0.99582154,0,0.09132089,0,2.6454825,0.16373675,-1.2548753,1],"completedEdges":[]}],"doors":[{"category":{"door":{"isOpen":false}},"dimensions":[0.7808362,2.0573578,0],"curve":null,"parentIdentifier":"FAB868A7-B77A-454E-8936-BF89166E9583","story":0,"confidence":{"medium":{}},"identifier":"37E8ACC1-FAEC-4E89-95EF-239F5671174E","polygonCorners":[],"transform":[0.9346658,0,0.3555275,0,0,1,0,0,-0.3555275,0,0.93466586,0,0.53565973,-0.0675843,-2.2612295,1],"completedEdges":[]}],"coreModel":"o9Yrw\/e9g9zExwqceb2nge4X6sAdvs5Kqcii9b22aXhO6G\/Hnzy3pJBRYG3RFjqhTOecc9knjHjWcHcNsG8PmNTvQ5WAy3+B+HzAJiXbcCsTzfCF7yC1WXC6UNg3syZdYM+\/\/LsKZgMNUtilS0pUR9tCoDGIkY+2KxTw6h37Cjz2\/W6tMd68gn1mApRnXShL81qumuPzJsfZZzHGhS8VsdpmhaZc2KAxWEDqOG3FvVieI6C5Qp2EFlJJGuChK2rn6LZ0NDWWXRnq1uph0WohyrnHsIzRqUFmlObpcGdAnqYAquPpzy7P722DqAyFu92JyosjUQGgiUJcOv2JatOTzNsiwC9w5yICiwPhLIi2EhBXX7UD7lxJXVuqlftAj79sOh4I7fIgLzdTVsgI1cO3cU0h1rsoCOSS+ZS8aubNwJVTbiJYmD2kVgvHvM\/WhZfJtCvkCt0V2b7EARpmpjeWU0+kXSFbA6cFzj35DKs8NdXdR0C4nT70yre03oxMTYsTnATIlron9HMEjIo1OABEM+up+Vas5vUyvdhjocrHmhHRWJSRKgjEcoi8YbYQCdjPrGq0NTQ8aG33BssWd3gmyMBA7JnT564Wcpll\/lNjrQldkps3YMTmh2J\/hGnLJXVPnocWrJJe4ort4WFnqIgRjIK7LZ1YaHw5FA1XNEXuk\/SIcdU8g6JGe8a3JOV5Fk2gM57q9iV044y+n3IZmvkO\/75FvCqc1GiCb7Sj23mbl2v7k89rG51h8vva2jt3\/eqdZ7tsHWEdpuDjDP+5U4Or\/XKnOurFfm7kF1IK6ClgV3wzuWiGxath\/cnuPEuYEpTMuY2Mrv+7QEjSL2qpczlr3Jdgm4AdA5zqf4wPaHvEkAnrBJZo3vgGdKw3ERepcajygZTpPy+gm\/hTEcFoG211ZM3Uca6ihKAuwWRy\/G2H82C8HYRswteSrbr0Iu26NvCo5uibBp2ytuRIHvoDSxwQcCO9pl6t0\/PL1qEzHe8QdJfOvfr1jb6bQkZ6vMD\/DT97\/XUJaXOLS4WN\/nLg3GSg3WPFzJ9Px9S2KBc4Nrs7B35mjMbr8vF8Kdj6c0C3+5ESjxSWsc1P2\/TYt9RZzDHZeJfiDC+20jMz8LH9tepf+9R2NEqXRBgtMgxLyDmocoOOAMyhqswRIrjs44Z8peSCDdue0HUz07IJjtywA3NMjD7+3\/U9foqYHUQ+9UsEIyvf7U1N+3QbmvvIpJqPX4QrFJ9Y2wbcn09mZZQnLZvO\/aF5UbbZOn\/gV4WcibHfGZPP4nesUlPLNV3etZErt2uegCVBCr166rapeV\/dDyKirvp+OVYUuNi3IsQKxrsK\/AuXwBMFJ7DefHYToHpHHMUQStfXfEDDHvMB+7nEGkharPwo\/J4y4dMHbLFGlBt6yuy9hl\/AEYJ0bslrgZAQASfIN+QgIU3c7evP1DBor5X4ZtCGTzLTBnOCPlYMISk3Ju7AmafaHhWBpWpZReXWJzoEnhYFYitV24J6Gi8yehHM5kh2huihKdvyM0U9QQZVs7HSH4lySac032pIpNznm8bHwMzXamh6tji+iwviNXEZ4Ca6a9bjPe8Lt2GyL+hq3d9\/MUV8p2WBpZqGyVhBZa0CglyilawTxpwYJLPVHdaESnrlUt7oT31TK3gnBBtKWbztP5cKz\/6Zx+w7BgW5VabMuWWSafhV8\/xLTs+6\/oue3P1jS3sAhutufhBmC2+qG83BpHDSQUwaT9UqjkdmHqMBu+hSYyKVftLDHY9\/0as6eucY1OOtzniiRJYhzV3DR1Q+HYnBxdMTeYkcJdGLIiWa\/zfgJesYNAGmz7bbcQqhdGHfim9k3mTw8vH8TRL50dJUaLzWWF9iejREW9Xp8ge\/ioTZHhKyDo0TaW1yzraf3x7tmHSnf3BVol3uGbzhL0z9NCqj4FlBMsfJZn7NZKnFPFkd9hDkX5YxzG9y82Z\/fVWH4QwUPVlC1ZPlXDgqbHf7hp4zMUQjGq6fbXdBAioHye3796VH8Wcs+xEyOC0mIDk6gyVEZR0C52RzM2b6ORwK\/OoVF78csgqxyC\/Zg7nwb0xdjc4t7kDHW0CrqBCGWrDwtM6DN1IMNSrTpVVVwfZR8EF5Joq9\/LlqM78OrmPg4E4QzQTVWAvoTXCvKG5ULeWzkVA5uKZ3IOrLPhQKP4qcCNP6i4BzbzoSjCmGWvcqVN2ne6Ppe5Q1NYE+Jq8VJ1bJv4FrFyOXIF\/njJ7mSi1w59kaIS59ka1+aFsv0eI3xH7UWxO3FVUGNVb69vo\/H3IHQ2FZlzZWtttZNIbnTNtyNE8NZuYct0a7uw4Y1xF\/j018B9TN3t+D5M1tF3lIm+HmiTGLHseI5R1ELVd0itH6wjZYGv+XXmrz5GlTo5Eb9AAfBOK1tb00ETKHYaEwo2dqMUnt2UsohKkkXaSH5yynykGqd0DY4GtUnNqiX8JLkmuF4C8x6nIEzO+IQNI9iT3tgYx4lzEXz\/TsHPSrhpPfd8pK7M01lAwEPLJjTVq5MaXlAuN+I0+ydejVgoMmOcOlLtJnj7Zgi769rdC9kPD1u6u7Gczg6Lv5JELw7NP2yiaqWfmb8eiiQtP8Bf74N\/qtiGsW11K\/\/p0eJqFlXO0tl398hFKYuiozU2OXRFrIwWvo1xjjgC179aScnMlJwCGUJnWrMs\/12XpUDhxAumdbPQC+whgp6eJxmrKP7BeGgEECtfmu7AWdBh8wr\/enGUN1aNGUu2D8+pO+mO1Wo\/cInhQSsJBfULcVegPWbw+WO991hWNTeY64DfYO5rWMDscZSi6y6ZeINg7FUCuV5HS2c08aAuW0yUiwWNRoGa9AY\/ZDjc7fTQtwwjXrwMgPBU6an3AskuA2bwfonmtacQWBd0C6LIXtAzboB6wnpZycL6tdnWnY72OU983SIkD35B18EKlivqiPdRmX5DVkXFBpDhB5eQqUDn2XyNPKmAQc\/9uOdq7uKhoQ6yOpRRZdUShw8s5TjubzW\/Ks6QT91YhClpqyNA1Kp2HrvsfkJWlSYIS2\/M0tNas\/sh3KDh1dbzSCA0hxffQopmP42pbugOntPss8i52i4Zcp7c347dN+hHX1uADO5Ija\/3EIF960GQhxfNJWsur+PJ7XXKWKk\/ByVUGzWHhGLdflISMifB6blMeqdNVJEnkaBYkGck\/0VlT+o8npKOdaPJHsKX2B1ZoajSOeR21pARqi8VO6s5eXyxF67QjlEfKRwqHrGWK42LfDzpLAwL2u0fyk8fKv8o9Ju5o+Jc4J9b6PNedsdlm3faWm+OYSvmzO1kVa7rtpRCHQcV\/LMALFdYVSsk2vLcEF8tgWP9YGhJxkmONIGFsHuIJxG21idr+P3iGJjRgbjv9lniu7zfuYdOugOuMKTkAN9PtfXag0gPmnWls6phoGUNEhQGx28BFKZQRNSMZOnTWBNwiaDL9yCHXJW4t5PLnAD0UIhYHg+dbJRtGJ9+aZkx7k4HvRvEV6+SvdeH9mMq5J0hRB9JwgO9bQFrpiD\/+aXvM2X4tsgC26EY9QqahPHqBklbfN4f5CmfCzVga0CyHFd3hDkg4YSrql9fkT0XFNCytl1oeb1luYQ\/xpFdnNUItADRsTOO+7Y\/DI2QTikts5j\/0iTCHZYCDxVLowI3Z+gM9s4mHUANkvRxK941MnzHTHMBHsnsBjOXWkk9c3AoIjX2LH1uP0P4wJHYVGL+MM\/P748KHEbcu9OzWyCzfLLGUHz+oSuVzRquRyWcrODh1PAi6xebEYINd86myFa8NlKqBJf6s\/+8EH4uqkY5AZCYAHCcX7+cnZDte0HojdKRwexUuv2sEbb1oMUwRxzsdSWPNoK+RAAA+PXcwbq6Deq46Tw7ti\/1wAjLGUbQHi44QQscTBa8M7e9PrXhUy\/JaBX7OK4onvIbCpi7yV7oXmjGSMdhq+nuJlRvZnViup0c4EgngzxabCtdtvVNnhTFMqZwC2ZJP9SZELKqLbXnrTA\/6W\/lTSZ+In\/DAb2ladkLctVp9mL8AgnmiLYQgO5ZPwvhUm\/+lsNw3GQrW9g4MBj2Hd6gfI+1egnvM2LbjR5+mwGp0fpi6lw6aOmCE\/zVxfEKWjFw5dAbqCNdsHlLK5HCnAXxX\/Ih1OHONRxVN\/cxm6mJl34lT7kyAqUrQS9oxD9xfYXXa\/qo+nNAk5HS2hivhGxTCaZHwQ6Aqy9\/f9yVz2RcpSUJARczYFK+cs9zVWzlYp6KzKCqjwm62uy1bSlBEGfSN6CxLjkajjn8paLfN4UOQSGtLinBKPXVBrXFCe3RUTJllJIPeAynYCtPP1\/odcwTxfnKsF4c0rJfZmjyhvbi9oXQb7WEtEjzPYvEumV0fsQNTAX\/6ZEFmL38KJCupq1iB9z2dvshrdgZkZdDxQPnFJ4tIUTga6PP561XYhHwFHyigLY96rqo5TR6clC0VDxSExk4tJeNyWZhN9HDHjYrRPdHsB0IEKTvi9wKXWWhCBJ3zwVgDBboaAAMNrgoaAcbjvW4YGqP+20lyrLjyrqBgQt6TihKMcJnZYIsxWnLRV63y8Oy4o2thpjS+qLLnuwi0ekBskEOoLEmdS1g2JQrS\/uxNsly9xRLKVTKaLmgjpxkw7g9miOhENrGP0SM6Rh97+qMe9n1Bn4e+hYzjhxKK+8VtYOP5e2RccweSbpv+8vanKofG00pAtz1P7P7Ye0LEfXW41XMCkhsQhNWPWKttQgBmv1RDknvdETkpvFfn4LdC61cWC5zUmmWwzv99UNspdFFfrnLiVKIBSp8qHLoIWx89JXiuRZaNoVNw78RO7+Qx+m8U8sMZn4LPSgkb6tmbTfoQItEFmcZq+DxoFbpVJlnBSvelCEbqlZLYhicgU1FskgIzdBXT6pcZn+x8q1CkyCc4buvLZ2YMZXQ\/A+Ct\/99ffW+pldZ8tMWp6+8Ez3LhKQaTNowS\/LkiiGn8UixXW6nym+XTOc2ZUBltWuQXcDHs+UwVD\/UJ9TCZdAPmHDnP5gS4jxV88ViuVfbOA\/hu4uWTnGeL\/yqUX4B57CJ1YOiNEblLlVPZNusaBh2ZPKRjgWEwXdGtuzVIm++K7BR1cjWkhWLngquxVFtmD8roan0DgVfwUMC5QanUFoilxISeO5rGtQu4yKpDyw1UUs9Fm8OQ8RJszN\/XisIK57gTXVSr5KKJJdz\/\/GjbDKBXH16Zm8Nxp9APib75qgkLRuaa4C9dyzpMlOlJCx8WJ45W5146a3flAcXDCPtoX1EWbUlr+UBkTd3vO+cw7opbWlmmzrw4uqng1epxcNlHb56EADhrnLRIHLkzFEvzxjalzxhAUWfCpMtJR\/aheazNFd9b4jS06WEHF2aQXUwJC3pM\/9LdjWo854\/p\/\/alYVC8j2ia3sBIkw5ENT5DrsZoCyHoAKxYZfeoamfZDMPjBAQI227iPwpLTbe\/wK35as2uI4F9oxA9XbJtNhPG3eXh1KUsqo901VowG1HhhLdhtWzxK1Aa6aIH+E3eSl0eTA7kxiVOt5CzolL5Y+uNjOGRklHAPRj\/8n2ztdmUdcIqIjya51wdbbBijJs2fuUH1cFIaTL1ngbHEINf\/UPTPrdY5PoMEiicwVxtDvEvdmL+TEvqSjdvtM2zhtCwCbbABHcMV4tFQWNUwYa8kU\/SFxqlvgx0j1\/BMa8KwFQrR1FXtKChIujrsYeKllkmuSCxhMF5j5SraWQqBFNTyBO7ux8iz978K2t5ppXtjw6W9gx+FZtA83+LFTDqw9XHPnRvcqqhEYO+xwv2N