{"walls":[{"dimensions":[2.7101786,2.5801044,0],"category":{"wall":{}},"identifier":"5B7E7CC0-1C22-4751-B4E7-332DC7FED0EC","transform":[0.9980195,0,-0.06290725,0,0,0.99999994,0,0,0.062907286,0,0.99801946,0,-0.028847147,0.08621185,-2.247022,1],"parentIdentifier":null,"polygonCorners":[],"completedEdges":[],"story":0,"confidence":{"high":{}},"curve":null},{"dimensions":[1.0817848,2.5801044,0],"transform":[-0.06290724,0,-0.9980195,0,0,0.99999994,0,0,0.9980194,0,-0.06290719,0,-1.3472266,0.08621185,-1.6219558,1],"category":{"wall":{}},"identifier":"5BEC47FB-BC6E-40B3-99DC-D57D0A47D9F6","parentIdentifier":null,"polygonCorners":[],"completedEdges":[],"story":0,"confidence":{"high":{}},"curve":null},{"dimensions":[0.6414235,2.5801044,0],"transform":[0.7196048,0,0.6943841,0,0,0.99999994,0,0,-0.69438404,0,0.7196047,0,1.554344,0.08621185,-2.1095698,1],"category":{"wall":{}},"identifier":"8FA3DFA7-316D-4191-BB86-03FDFA4132B4","parentIdentifier":null,"polygonCorners":[],"completedEdges":[],"story":0,"confidence":{"high":{}},"curve":null},{"dimensions":[0.64142317,2.5801044,0],"transform":[-0.7196051,0,-0.69438386,0,0,0.99999994,0,0,0.69438374,0,-0.71960497,0,1.7092516,0.08621185,-1.2834897,1],"category":{"wall":{}},"identifier":"B58F0CEB-18B9-40CE-88F0-45C03B52A3E1","parentIdentifier":null,"polygonCorners":[],"completedEdges":[],"story":0,"confidence":{"high":{}},"curve":null}],"openings":[],"floors":[{"dimensions":[3.2454512,1.3077362,0],"transform":[0.9980195,0,-0.06290716,0,-0.06290725,0,-0.9980196,0,0,1,0,0,0.27939248,-1.2038404,-1.6112849,1],"category":{"floor":{}},"identifier":"CA7D6F29-B6C0-49BD-A03B-34C0A154E9C4","parentIdentifier":null,"polygonCorners":[[-1.6227258,-0.42791665,0],[-1.6227258,0.65386796,0],[1.0874525,0.6538682,0],[1.520091,0.18032002,0],[1.5200912,-0.42791665,0]],"completedEdges":[],"story":0,"confidence":{"high":{}},"curve":null}],"sections":[{"label":"unidentified","story":0,"center":[0.17674644,0.08610683,-1.6983616]}],"windows":[],"referenceOriginTransform":[0.1510399,0,0.9885278,0,0,1,0,0,-0.9885278,0,0.15103985,0,-0.08958255,-0.034559973,0.09852204,1],"story":0,"doors":[{"dimensions":[1.0828615,2.027987,0],"transform":[0.9980194,0,-0.06290728,0,0,0.99999994,0,0,0.06290734,0,0.99801946,0,-0.71410614,-0.18984684,-2.2038286,1],"category":{"door":{"isOpen":false}},"identifier":"1CC7676A-A45C-40BE-8E10-EF58295790DF","parentIdentifier":"5B7E7CC0-1C22-4751-B4E7-332DC7FED0EC","polygonCorners":[],"completedEdges":[],"story":0,"confidence":{"medium":{}},"curve":null}],"coreModel":"Fv8qyzxrOKcxLvsyDYTgtXvUeD8iC1JVWMeJJe45qvP8YwkPBs2jxCt1VrLnLWmwf5CqqJwx54yAfZ0Q4X46eN\/UfQMN0RAsBAeUmAt5FRM41AMGgdLLjXcTt16jjfQ0gkF+ieW0axGCM2a6Di7hM5QsWqdU\/nZMiiFjjxtsBIGqCONrp8AJPKlABd5v2Jy2JwHuuDubadEmXmk0Jija4qkvu5wyV6fEBzc9V8C0O42kfiGjUU7Y0wCzdR41c0teqJ\/CS7qsgf\/TJyVo6o66iGmem+yt3t2nE0DsvKVI\/vxxmPFDdfq4rw4a5tiZm9FKvYXowem47jUA6p2tjNqOjMiOPw\/fQChab4rOo58QkdGIKoKo374myHgT1l0yNXxCsXImTesksJZiK6MTxSZnx4dqmmgApeMcd1zJstHajgH9biyrZpJzlsM7L1z0GtY3UV4pZ3cVp+SwbJ7xwn4OLreBD3nITDU5z\/9b30vZTHpd4\/JJKqOiyzR6aFaBfQsTnYBMrQjcvN3mP6B7QGTco+c6aH9fDl3bCEyPdh7B1OUnoeEci9n36D13bPlKcoELPNNkvaWrkTH7PtU6jMGY3dOoXRoKCIs6zQP6R3A1ldt1zNwUEqgFmRZLceTURd\/OFP5ieKcxbxZruZUF7OHyv+MrN44EEKa6o2N+uDz35M3kvf48yDHg16YPAVhg1RKQeG1nVuhx0AhMIMYR6H6ItNdAf5Ws1YN2tCb7H7z36X+jcmdVOtrOSZFNwf1qm7i6qbER5+epVNVRHIphKTU7Z4s8Bnzysw2L2qpCFoAdAIf\/FMydcKgVOKHSi\/U1z1mNLti13JSmZzEpVZE9uWg48UHDxpYzRdDB1vK9sYSFwHCt0INp1eL7W2Oxxk5PSkKOhqpZhkKo\/vl5CD\/BCi\/XDYvot4svESGYpT26aWmUOm4JNWjt5RaLstECH2FSwAD7I94joZYoreVZi0CwvxcIrqQIlXqQsd7ylGwmf+lxXZbIAghnguBzE0g+ehW1barPMRTqBYDV1RBWoYTVRabmTt+uKuLjtidsP9RbTBrp7uObqGkIsBfTuPqLzQySMAtE8YUK\/ikGQYFbyNIWBq4qqBLfNZxWbTk06qr95KC87xhhHcVZAvdVFwhXKURaCg4yu8nr9YTbfe9UHaWA2gYw6i\/xXSe4CfuIN7O4Q0Icqj+SJWAW8JyTmUutIdph86YjSrQsFsUYvWzhBC37jzdEutbJjextkgHKJT3HRzGsFFYwm65FSmA39eI17TkcK61b4aZoYpulWdV7Uyo2V9RarKg5nVBOWrQOrr6Qxmi9tI\/Xg+tVTqfNXB\/8KTbkJ637Z\/iL8oLulCwHIotjGpqPAiKYQx3mb8dQbHH8DWqsircoKKgptaZ\/eKKsKibmw\/yzgf6Mvs4afAhK\/a9i7iGmOGEvJa3JI0gLzKQTUs12sEKT\/h1F7eeM+qi8soUKRsZAC+GryJzJjzKwlskqiTfhtYrstB40hb+qXaeQQvgE9IU1Hfd80M6iX8wLFgw6xoq9TFWbmu4IXEEAUHlZZioC5VK7ki7HyAFrL6GBC4E0XKzOg8kpZhVH4kctqDu0zPUBnnnPRvLwOXL+2rEIYbqqoxLy9CYJqxFVHyGIHYeEmv+eIYRF4IKp6h+yiaD2iv27VQj8fXlWF+CoQKoZ7nXUUmdkj8BuOfhk6PCUStRbVKMaoVPaMfrtWfLK+MMP+GQ+yt6W68SftheNQu05PiFumj+31oghdqXQuvboE0MhwVf16OB6hDHyd7Teao721Stg23cJLTXwIAtfXTrxRpUpiZOUH19qrG9mQC9c4m2L6zBY6WxnG99HUMGgeG2giJlTe3f3m2qVAgvX5\/56YEhlAXaWjoSFGSaVGk7frKI8jaeok0tlvtAUlLKLSBD6n5h2bC6Xi1awMOTa8jazzw73O1ZD2yeT6gN\/k3rbI0M5SsZph4OwW4HZHlkfF1xDayqj\/x2BBALVMrr3TsEQ1uUQNM\/69nF3HCIfcZrHrP4CgzpLYLpw4Td8j4lpV7+zFi5KQOvp8SDb0Cs1LXNCRPrGlSfWPJgLSRGi13YFHnOrcmH394hYh9Lt7qloqmOOYKVxPC26iPHkf1wbaMm3doZkAbmyyUb3Baks0OiwZUlrj2+HKNzgSoqRib15uOPW2OpuB+96EsytSCiGgM+xY2hsyAtFL\/jvl40R10HQC6dOfvsqzYnFSAzt7zKn5VDprvPpvH1WJFiXFeep3+\/y0cBRCKnMcSnWrqGFuX9yv9815srg+gZpITQwc4LPDYZlhsqFODnd8\/o\/mkv0gugJSZgTYhAN3iPOvw3jji+LDHJdqwikbZrU3tZ8QswBGaUSEqCIxjLDmy7+6k7Xp414pUWCZGJTqCMFZHEVTgBTRRcaJr1nkF5TVfE313baSeCXlqiNeHLFUNZBMMmfYVTTDU7cCQFUnxuFodTV26\/y\/Kyq+AEG6b\/02OV\/zWXjMFfHnwccWny2g0uXWcRuw4PoGDdC7kbYV6gH19+wko+qMGrMmuWfSCtiEhH02hUkFrInVdSy3NCpj3TjvjpstUtCbx+oqD3nB23q5tr3QYRB49lOG+e4a4UvKG4Y\/Z+os2V8IZ56Cn0UEetB2N0NQU5V6BH2ny0uO3xppq5EoH6N2pMFy7AhWZfyXU6Z3asETTCXICyU25SZjHYwiLgOdSIKn1AUGifC\/Yqz12cUA6+5KIsMupgMqJlL4eJh39rb9FYOBiUWE\/3RkZUraTn3tEBkeznFUYLQmrqj5\/HjmNRTNIltA6Qx6OT4ov8vLseJs\/s+yS9yEfKnXpC\/CnMhAoF9gW7DX7URHjueIBUmHZlbROJCS0mU96k3u6hUjXvV7juEH3yLEsmNgAQPCTpVM7EyGSFiqzffLJGXODtD091pITxWHVZtNydwXDCv6RzIxbfkxi\/1fN5nxQMDBQq63jm\/fwQxVJ7xvColGgCUSg\/p4VbmRjI2CcfXDe87KGDzBVQuj0oOlhTVy5ijD826z2fybI+XxtAtsuMTWN7Kzctyk+og\/OQKORT9hKebI1r0U7VKTi2rRIQPbHQu+tmWdoDNoTVcC5GEXAhFMj0MQeY6DVgPHDNN3BLmDrTDO7trQkBCs\/qlGj5eTFjhVDLT1th+3nYMBTvElqpOp\/hvXpa+RSutQoVniMtNwyGb7wewRJf9bTSlHs4ttmqUypizSndS4fAVLUBJeE6SBMCgZP1ggjMq\/AC3EoJzi\/A9E8+1pkedGZLogv7qWjnlAmBid+UDCo6rIXL3261gktnmBzKm+ObH\/y3jkCE5yNrhNrJxlxrpTw8exd9aOp0bzAtITjSuHOzb+8qadipzE33zznLfC2JOtPC8VgKiWEBlbwrVeUO4eliOai67JRxql4kgjbVu\/1XjD4o2AhyoWhtNL4JeI56WRdjLmgTWUXKd2G0Pps9H6gYEm042W5z1\/rBiXmuvjE6jXu8fwQVzArTDs7QPl4Lh\/LL+3PQ2yJdjSH4eF2WoqFSsOtzEiy9V3mzo7RnzVgkSIxpNUxbMgK6Hkz2Zhfnhyu+KzyKSnG6O8GBynrQc+hcNrroQCg3mEcaB6NTygU9L1nNW53QqV5KUbMpyB+F6lXLuW57EX\/U5ifsVlOGpFBS23fJdSx0eewPJDjmhCMy\/zplq16p2vI+nnPplumOSS0dqIibZC5dIyC\/urdJllC25CgXo3+ahEGWx2A9jVZdG2R6zB8dFtqYkg\/0rXUAbg2rK\/g0N4DyhKVy55azynP08nqKswaHGwGojPx\/+GGE\/EZvOOfdTMF8g+v79xbvlh+OLJKWCh\/DN5ggJ1yPuOzVK\/v3d+GrM+\/YXZAyyG5erIBc3uYvgZfV\/RzuqitHLTZzTyOnED20psOQMvEmnUfuWsB7IeOMgy8gEmXXhex2Gnyr2JD7yVdgSlxq\/bG3YnQNlJRSioYqyp1PSTovOgNl+uXtDom9dpXzksGRLXYpLs2wcsyN+kq7CjwxEs4SYXOgW4PTgyjNONMWBhZdGTjSXuOim+qVbL\/PRIExSh+a9Dpeg3tctlZY6ZROgguxKAwg\/fMOl4vXXZZyUDbv86q15xvL3wkmJQ3TQxfr60ePDkuEDeor7V3nkxyIImLiWf34pduJy9oALCoqkDABADtd7iFnDUSfZ567qvEWmnDd+xwUKmNzr+G420r88IuMiotYR96gWpT0MYce2zBUKM8gq24k5zoo1NSp7bJAVW57j00PDR+OH2n+oTwiAiDftsoIjW0N4rKWStiYQHGYmx6SwElaT+H3SoWzFpNgehlKmHI+Q50UD4kUyLKBda4d0LTkzt1DgZ26rfSv2KOBxxZr\/tDQCUC38IJSUHG7UnYBYyRpTfmSyKswggq8yEaIvBEFyh2MYeUY023StvqHLcqnD4ePW06NXxSopxtXF4NpuICzXNN33vf2VTwa0GpznfNFoSQi1r9I5D2tynyyXvWagvVkB5CKmD2ml1LJZUBO1tuO\/CBZ7MqCmwK02+f1jYSk4QbKPkrnn5e8wplfqUb1JzBKgTrUIQtQRMP1Hqc9Lk8z5JrGptZdP\/9FBSzC+mzsjO8Ua3yFzrJXwO2cXB\/jpZAAGTTMM0plYPx+HS7NPGFkCuy8zqmJc0MWIXjZzRZxHfgLtAb3591CDzWf0ChXZ+6i4jljLti5h4T+gBnxEk7t83sTSZu5rCiq4YmoT3y\/PKS+mmWP90lUufKReq3gAaHRrukT+OTgG9TV3iyQjC\/yHNGhYmklaWY5Wv69X\/zMUJZ1LS0P+8C\/RghYZIB+6P\/bm92weXBpGiJGoId0\/f4EdYEdBkg3l2pd\/12WXDkui3uAKxDYEmsznFSWtEWfcGv16kezjxe3llq8PoaIWj543aNqICPJk+Xybvt8xNWuQOKBTNgRYbZrS+\/e6AHBWXmLTc+NYN0h8PcB58i2hwIQppwU\/Oya8qF40PgKEVlzybVR5eccdgaZkiNiMwwQ0PfD8I7EeR2S0qrw5gscZWv+7jQMi8nr3yA6vor0HrsU3glSZZBX9ThnW77pRw7TCW+7jFNuTtlPG+rVJtNIgrLOjKSRoio0feS35F07DughwujgK+DF89Gzzzcx6Z2y7H8PPwLl89PtD2C1dJ0OsTIKRu5w1XlU4B7f4qDixsmDqHbnxUa1u8zZu9yAWRGr44DcDadGhmqMonD9wDEoyS6POzNEdt\/jU0oDixltzktViEwJ65RdbqpCqYMxp7tuLWp4MRMr9fZ6inx7PFSWB6iYE+TZQw2jrocuE41iVASV5b4gitZ6EHK2EbWJIDWCSqzWSrpEJ6ziNnCD7GxYDFPEx\/CcIbfz9gVQXTQbakm0Wl1NmU6hll81ZMQ0s8+bvdKRG2p3q