{"windows":[],"objects":[],"doors":[{"polygonCorners":[],"curve":null,"completedEdges":[],"category":{"door":{"isOpen":false}},"dimensions":[0.8755903,2.1002965,0],"transform":[0.86096805,0,0.5086589,0,0,0.99999994,0,0,-0.5086589,0,0.86096805,0,0.8895673,0.013883466,-2.4476092,1],"story":0,"identifier":"0354BAED-F046-4EE1-AE52-59891D98C6AD","parentIdentifier":"29CA056D-72A2-43AF-A5FB-A5DB14CA091E","confidence":{"medium":{}}}],"walls":[{"polygonCorners":[],"curve":null,"completedEdges":[],"category":{"wall":{}},"dimensions":[2.6150959,2.5349998,0],"transform":[0.8609682,0,0.50865877,0,0,1,0,0,-0.50865877,0,0.8609682,0,1.5127542,0.2312352,-2.0794315,1],"story":0,"identifier":"29CA056D-72A2-43AF-A5FB-A5DB14CA091E","parentIdentifier":null,"confidence":{"high":{}}},{"polygonCorners":[],"curve":null,"completedEdges":[],"category":{"wall":{}},"dimensions":[0.89373505,2.5349998,0],"transform":[0.30313206,0,0.9529484,0,0,1,0,0,-0.95294845,0,0.3031321,0,2.4826872,0.2312352,-0.174646,1],"story":0,"identifier":"715B22FE-B798-45B6-A48D-DFFFFD947FE4","parentIdentifier":null,"confidence":{"high":{}}},{"polygonCorners":[],"curve":null,"completedEdges":[],"category":{"wall":{}},"dimensions":[0.6872578,2.5349998,0],"transform":[0.30313212,0,0.9529484,0,0,1,0,0,-0.95294845,0,0.30313215,0,2.7426765,0.2312352,-1.0868751,1],"story":0,"identifier":"5A35F305-2D85-4249-B476-B4F1522A0F57","parentIdentifier":null,"confidence":{"high":{}}},{"polygonCorners":[],"curve":null,"completedEdges":[],"category":{"wall":{}},"dimensions":[0.5242822,2.5349998,0],"transform":[-0.95294845,0,0.3031319,0,0,1,0,0,-0.3031319,0,-0.95294845,0,2.5970345,0.2312352,-0.6799511,1],"story":0,"identifier":"AFDF4075-FB5D-40B0-941B-D1442EA87627","parentIdentifier":null,"confidence":{"high":{}}}],"coreModel":"Kz6CogHxKlaObsiz+xXkZqE5siiSeZ7Dr3KOTMHIju827oDEzlEZdk74FCRxe3f871DvzsOjTBUFVpgDSSS8GSfjZZ5\/04TQCX5SJGwaA7VMU1e1R8k\/cx9TX3dKJQbJ6UYooBuP38H2+AoJpopx8uX8\/T6Z18emGAME0BkB2nPXqyvWE4PfGYOvH0mBwqzDe5UUskEiwZqxBmYVOwr7dmKlXi1hIe7ow0JQZ2YgaFJDld+yM1TiZE7IF0M14w6FYiJVy6hoMolMigNreknVv0m6qbQwWt5CPfoMNI+yD1cxNfhEdYhihBBNrgDvrvYZQxvpkZA+GiCafqudjnBWaULNKDeJrIHLIhzs6CxI7D5T4NpDoxwVNHfV1VccaKtYwsJXJtefM2o9YtWpNHO\/5NDb+aaE91KHYCg278SJncZ59zRoJEQXIR+AFCXPQHbKnm7YAZcbJx\/Py3+fCgRq2OvpWLU7UDyROstrtUkqDtTWo0F+lQvLhAmzdCHCOmdZCdLKA\/yc3Joa2gW2gqlvgXQaJY3\/R4Xx3ci70Igu2Fih20N46R\/TCJxh8GeksqCvpkcBmAC1m0HTy3nnJgfRkr+M\/dOogvnqlIBLdS6x0Z2NLjFKscN7fwt0RfaVw5C\/dxeY4mmdt5Q1D6GBiebTO5GtQ2VOWPQFDf4OrC6avo1buPsb3n2bO0issYYuC\/xoHz05S10StozIpwLFZCLMIxG6o4vsSGRbghXDtmRKIcQaIHGKTQ5z\/8ChHE\/c58sKB\/k6suHyd0GbaLgcjj\/uIFEFThKFmfe13v7QRocvuCsUgPGjIgllnFK0VmPjd8VaxzFNkDnLUOqcrgdzam7B2lKqUpaYN0xguwUWupo1\/GOYGNSmwOMldjJT3lBTVHLmN0sFWzHeIgyi+B5eTbsB0MRga98QAmnP+1lzQ2o07KpKfjy1fZgCXyEjlDQnfRTEYuTkULbZFB3Jd8nhWjxslI\/b1JEAd9Lt\/v+v2AHxh3QkZAgR\/rm+Qu\/Hwv\/w0NUbIMX\/U3dsV10vJMCKD90d118i\/Mbw8U3jwiE+qiTCIB9IgDrmwoqKKUr613R1UiSUPw7gFrvKfxOaz5\/zOzT7f8OIM\/N4GK80PPkdZXfqFlPl92A3ADsN6VLiZq\/sYvTf+PtZ+mVHnlhy888gK2PUVcPVCksIEKjMEktDxifi0YdgzTb+6CDQ8N+dCaszQatu0TPCo7NjNnQ7F55awGnePSypQZqRl43s7Sc\/6xSIDW+JD3ldCDTQxInCjJIH41Is58M9cAyOjU3ql5mf\/GjoTEPmaCQlvR1QU7jjuc\/b0jQ6sR8j1FujG4UCLGYQIneErVi6b0aY3Oew0fjtOkwy7p3cYM23BuvKdz6SzYnw7Gf6PqJikHc+86eg1c7hs0Vcqxbf8jVld2QUtLlFtisVj4f3imJSvQ0AzvitKctnqVzjiNAjQcTldH0vBV7VsLSyaI\/eEKKsBcEBg5rXMY\/Jv8dv3QFavpkH8gXm3ac6foEkmrcGRECPEOVVDEOZpwRYwQ6K\/U\/mQao+QsynNwGA5bIVte7LOAK3qdd5BkPomQKYRM\/2\/yaxtg6cRH\/6U3uDZMOpi6oPz9H20+Zr+QWq4Ov6aXzKGEPzAhWRzHk2JG90giRCCN\/a2d3KovUhiUSuqZLPFz3livntTHq+EDSNvKAPJsm\/Anq6gFROh10f1v7mEEI2iv05LeW5d\/pIbe0ULOIbwaWb+82Ckqzsu2BAdlptG1tR1kJOE2Jgvl7PPp6XXMiED+XXiFmFT\/DD3dAmEK6T1WxINbqyPUN2hXAsWgNTscEj+S0Fm8tDvwnwz8aoRUGOAEd7OcFpbsMpQK1\/lioJwyg+IicLbPDbbKvyW8vcCsfvR+4VCiETkEwcrSHlOB4bVna4K6TkvnTUxm3fiWhSwJhoWotHTdIvsFF7+Br\/zU+vWOxtkNtzfbYminMeLpztuOIsKVY5mslnwBlt4kWdsraaivls0fq0oPhdTFeqbJZLOyOmUdoz9QxOIyFZWQxG0Z7v8sCgjHNkDIdTPBPZ6xyzkY85c2CvLW2PXV70SPAmUo9quxvAM0ytI0U0QTVNClNSObdEU9afvQR+THKzV3UvmRSJ0+8dtIKHSYIjJVOX8AFnrIwrv1q+Xl3ZFQ+ChT0WGMlqN8B5uQfVIhDVd0PELW9MJX\/fV+9Iw8uZI6OYFZRwtmazncznpY6tiTHBlS+N4OnPmBV7Yj5fw6dq3MsrxVOFQkXcwvvHzV6wyC6aW72FZ1HpZjhqTP36eiEFYNwLOIS1Qh7YxEKmwLzvxPpRt9350E47n5Jv3645BE9tZXjFdv3hIxGMeH7D34S5qoDaMYrp4horCOKe01GuDlbZu8iL4iibGNVdtVYsRR50mo2qAFqeE22c2dMUoxBQ6x+GGGdqoy0is\/XuJBJmNEA+j2kl4junPYXIV3sXPfSsq07EOL3c8mE26LAeV5HwClqZqvlZwfrjdAvBnaHEEizCf2ZbbqDHbeqRvZFR2vCECiD9Vt3H6tiIwyV7VyUqEbDBle3mGbAHcAP9gMXlnfNNOk+LJx0+IJwhI6uCHVgKT2HX5UXPk1oR7e3ezflRD\/tSaYuIrh6KcfEISAsjO2HnNtCm2xIajnq04tPoHjwPG9dPkbp6zk4Gl3Vu6sOio+yvxLOkkseIlx0Ek6dVjhmCsuZAwL+qKrYzs1fN6f1m\/1gl+9UAiW40JEkQTOqRIECefDOYeucmIP0ZUZf5eKNbUF9q4gObJ9fRTm7ISTWbMPOQz5tsefivD3dj0dyHOFbHCblKVDNZe6oC9IMeqIEY\/BQ098ybBbU8n9sSKgJtw4R3zF7V7wO28Ef+fwmIhSsy8dWxyhVMgVtWgBUXGBaVA0FjHU9S0t3BugLeHLioSClwBSXpst5p57DDqOwOuGSqLmvSEo98nr4B4Ps0iDEDS2m7wZtoZQ6WqeU8\/6UeDFj9QfXJHQQBzyyCpq65AIYX8HAnu2vVLVM+Wsxy9fV4ny7nuU5lgKmrouEQx\/7Zvy\/ZVBaCmfJvpVIQRO5zZslqdCT\/ruhRhP4oikAz7fpkcXcvT49NVz0uKEPt\/tBS6wE8Dad554jsTOu\/FriJHU+dCYyECdmHSe\/msqqUVFDlz9ERjZBLcGH7mfRdl18Y6hkuXcfrrMNbgNnYd599\/xvLKU\/hyIORheEXy7Aq\/8dDBuI96U0gM4TR3lfzCwTDcA62mkWwGgSqk6S8njAIUw8uQZ+mX2f84h2UAyiYB2SD52ntlMkxAw7xkRNH43k\/IVAzx1uGebguFq1x7+Oq5TRbC2lt+ta5JEEbZMQYMvH2O3QpiwpEpVqLNa1QscqktNIygn9+1z5xcKesHwFUUVA+\/o+mY971D0OrZ2ke1kR6UUWhe8zmcLPQvA4QXt1kPdygWpPht7W2pgVOT4uocEDJiku1dm0gDgbzO7mRpYWB2qpb\/23yyjOBtVeCc\/sVxlTw4J1QZeiPi\/2ypfHm89wppXLOC1gSpjTfjA+4i40XQOgQRdoPqW7rdsN5frCuS01mxh5QMQC5n9\/MMjCgzDqzmFzhcG\/lust70R47Q0vFJGuuARePVI+e0M8NIOIeCqGsiK6GZP6XXmxrzaLwKukXq8nG+phVWi4vijqQ+prA8HxAAT81nrw7dwzIKJ5UM\/T9o8vmWn0n0zC5svJhiFIAnW7NchXg1Xg1XsAWPmRMwKRL3e8+qgQMZGluafLOAlB3OhxyacANMP9ED64PgDOZox7IyaK7jW5bYxucnHdAmUHrb9Wd6dYqtfcGNJRxeTNsp5r65DoUH5S5mTSNUUU75JXuziyGqcrHLOm1hxdqaXCBSQVmseGAp+l2pFLvN4CjqR8PHa7fhcDqV8k8d3kvZRcXIvpZZfoQFM9xMbgbilM9Fc4IVZ46fcaIThqPxf8nFG1qOzAKhYY2QgQKoiZoYNNjVv1E62fE+hP\/JT7buvzX9u+yhGolFyZPuxbZr0SqMAonnP2ZWGQb65esCDne96w7THKXo\/bF8gqKmEiDcHUGc\/F54YQkhYklVIJ+2g1EQmOXN\/GJxEZrLwqryi1zJSYCvejzNbvGgbgEHYa0RFbLVEx63PygeXwF5P+NytOotljbLUekzgqeoTQUPMIIz1eQ0RkLCYbGQbz4UJ3cuny\/UNeJA5Z8LsoZjrUVWF3L5R73qO8hvEkALZe\/0sKJduZI7\/u4Y1xZrfVElk5QfVuyPZZFxXJJvjST2S\/bGNoe1hm2o6Zbhd81V+s9UwOrs+Iy8nv1I7iga9IH1Hynphu6CKadRO0rHuQqFyeiHGbG7YATzip4GlAMsxV+smscvMuhPMhcTdfJfwsDvkfQbubM7HsRjXG6NMc3utV1RYm01ohyloFqdo2MyRHXg7tMVZ4JqIxaFFyDcnLOqwXJerwP7ruK5uJb+trkiHXYFZf3nLoyQbzfewqEQrbxN3JONDXvx8sWfiYiINvfycQSJpeP4QNxhNylFxPpj07IUSb8gYeixiJpMLZQhXKjR4VV\/y6VE9\/fv0jt5O93w+9siYeHqCd3UehM2nOeCrbuPL9141gE6oiwFgsup7nPYOmPUk51HrQ+Iaa5fAPMsiILOfsjtao9MR+Ko8HtiBsCpRUn\/hgIzxXPtUSIZSD6SyjbltBNuufWzCkX8dDhQ1Wxx8GMH58xyUPRDPJDTaSPViUcnLmVGimTuI8g1qVSzS\/MW2K8odLkP3n+3nSTXqwdQmZMbsXlAWDfbfYlMoVlznGSTyyWXF\/bv3j5PKYsDi2SX2vp+7HRI\/Izyz5G5q3roWH05YvOIkuvwGDSdA7LYeBHZtB+JFWXHM3IaYBT1\/nvcawX3t3nun+BJjmTG39QPG84Z7UaEsL6UqgoK2eOnqxeA55fkrTqjapEtJsydOVhNmDpd4hdrhScU2g+MbTY9+A86fnsy5s1OdPpw9a8MbhfFzTkmLOJtPDkZLtoFE4aJ3h3H+ChmYkbO+M+7XzTq6Kj2PUmsV1qmka6FwVrrKJD+TI7elyxFdWxYf9uSJbghMZIzu1SBaAzvntdCMYmCOorvlzWK1beiUEjxqkm80HZO3M3oJ6SjLtb4dt45RKtLvXuRkp7iTIwLR5IRD+fqEp+caMg5lT\/ycmwU1xKd9Dj2X2E9d\/ELrsONQ02kyjgjuMWHTKK942zdYdU3AsYoUPH+Upqwqd7cAES9nudD\/qS7wduyZ5BkheoTaoBmbLsfPMVgudjicaJsMZqcY+l8b+zXjtN1pdxNYHHBp\/dHkRErI7CRUKhP\/bhL+kf9NL9kDPj4P5Vm+KYcc5SMzXH5D1OkSdbF7nhyE2Ux6MMmqSUrumEMSyaxFLTkvpQjLL+VVVVB2VehiBTdvuQMOgarx3Y8o0wQlVyoPqYF\/d0HOTpf24fJsaLjewg1Mk1l5X1Pfn0yxR2Zj8WcsMoVHmUhywLchKzG++ExUAG9Ee5HYJl5TM6YO88gpkuI+Qhk0EkSVEASe0OOjg72d3Jk+\/gJwXTrb8UqVogq3iXYOw3qQ6EPGVwZEAVxz5wcVB12EcsuROGvE7ecJGn2ocB\/x9OFC5AuDjKTzaHZlOuFbnF0+59Cdp6s2GtzpsJ9CzKEz4hoJw98MrdGZjioSmHrom99R7yyPTa2WKLiaAzwo7g3KacqPeSq+y\/TDZeZVhwNnPQbAEe3y59xlfuxU8PP+XNtBmzwk6OdbvvP4G2oxvhIniysNDCbEpBl5YFazZCOVuQtOGwxZnb\/7ZRoKZXN\/H\/BuzT9AZwIeS3VUgXQdMTF\/YBZdumvVjy7LYLw4ES1VsyZDrPoGztV59ZPLD7NEBmcABbDGHytnY2BBq6IZg3oFPAILzj8mmiCCMVdiO7Dt2rqpJh75XwyJ6n\/4e1yMQfkr2AYnWjAqcqVW2G30070N4feUYPiHGZpDMQ6sRApDF09CAlG7PJzPtwu\/Lx4jHrYldRIIpBaRahtjiLxUsM8\/y\/mw36FkcVzopr+EyAcDHDXFyWDevVxmxBWrayHQ\/Gp1BA3K4txUiVnedr5DlBN8Ozr5MzYOzBPaHovZOfbcGI3lAoLbLNaBICqxLbBEohUq0fI4j9zyRqwX1358EXmJRBUvk8RU